Isabella √ìsk Sigur√∞ard√≥ttir,1408972649,Dimmuhvarf 5,K√≥pavogur,8451103,isabella@worldclass.is,keyra_rosa_gott,4888908909348923
<<<<<<< HEAD
√çsabella R√≥s Sigur√∞sd√≥ttir,1508972649,Dimmuhvarf 2,K√≥pavogur,8541103,isabellar@worldclass.is,keyra_rosa_betur,4888808808348823Snorri Vignisson,2204973059,bolstadarhlid 44,same,8489052,snorriv@fokkaduter.is,yes very much,12121212121212
=======
√çsabella R√≥s Sigur√∞sd√≥ttir,1508972649,Dimmuhvarf 2,K√≥pavogur,8541103,isabellar@worldclass.is,keyra_rosa_betur,4888808808348823Sveinbjˆrn JÛhannesson,1404983359,Dimmuhvarf 5,KÛpavogur,8521927,sveinbjornj18@ru.is,123454321,1212 1212 1212 1212
Sveinbjˆrn JÛhannesson,1404983359,Dimmuhvarf 5,KÛpavogur,8521927,sveinbjornj18@ru.is,123454321,1212 1212 1212 1212
Sveinbjˆrn JÛhannesson,1404983359,Dimmuhvarf 5,KÛpavogur,8521927,sveinbjornj18@ru.is,123454321,1212 1212 1212 1212
Sveinki JÛjÛ,1404983359,dimmuhvarf,kop,8521927,sveinki@s.is,129312,1231213123123
Sveinbjˆrn JÛhannesson,1404983359,Dimmuhvarf 5,KÛpavogur,8521927,sveinbjornj18@ru.is,123456789,1223 3445 5667 7889
Sveinbjˆrn JÛhannesson,1404983359,Dimmuhvarf 5,KÛpavogur,8521927,sveinbjornj18@ru.is,123454321,1212 1212 1212 1212
Sveinbjˆrn JÛhannesson,1404983359,Dimmuhvarf 5,KÛpavogur,8521927,sveinbjornj18@ru.is,123454321,1212 1212 1212 1212
Sveinbjˆrn JÛhannesson,1404983359,Dimmuhvarf 5,KÛpavogur,8521927,sveinbjornj18@ru.is,123454321,1212 1212 1212 1212
Sveinbjˆrn JÛhannesson,1404983359,Dimmuhvarf 5,KÛpavogur,8521927,sveinbjornj18@ru.is,123456789,1212 1212 1212 1212
Sveinbjˆrn JÛhannesson,1404983359,Dimmuhvarf 5,KÛpavogur,8521927,sveinbjornj18@ru.is,123454321,1212 1212 1212 1212
Sveinbjˆrn JÛhannesson,1404983359,Dimmuhvarf 5,KÛpavogur,8521927,sveinbjornj18@ru.is,123454321,1212 1212 1212 1212
Sveinbjˆrn JÛhannesson,1404983359,Dimmuhvarf 5,KÛpavogur,8521927,sveinbjornj18@ru.is,123454321,1212 1212 1212 1212
Sveinbjˆrn JÛhannesson ,1404983359,Dimmuhvarf 5,KÛpavogur,8521927,sveinbjornj18ru.is,123454321,1212 1212 1212 1212
Sveinbjˆrn JÛhannesson 1404983359,Dimmuhvarf 5,KÛpavogur,8521927,sveinbjornj18ru.is,123454321,1212 1212 1212 1212,lol
Sveinbjˆrn JÛhannesson ,1404983359,Dimmuhvarf 5,KÛpavogur,8521927,sveinbjornj18ru.is,123454321,1212 1212 1212 1212
Sveinbjˆrn JÛhannesson ,1404983359,Dimmuhvarf 5,KÛpavogur,8521927,sveinbjornj18ru.is,123454321,1212 1212 1212 1212
Sveinbjˆrn JÛhannesson ,1404983359,Dimmuhvarf 5,KÛpavogur,8521927,sveinbjornj18ru.is,123454321,1212 1212 1212 1212
Sveinbjˆrn JÛhannesson ,1404983359,Dimmuhvarf 5,KÛpavogur,8521927,sveinbjornj18ru.is,123454321,1212 1212 1212 1212
Sveinbjˆrn JÛhannesson ,1404983359,Dimmuhvarf 5,KÛpavogur,8521927,sveinbjornj18ru.is,123454321,1212 1212 1212 1212
Sveinbjˆrn JÛhannesson ,1404983359,Dimmuhvarf 5,KÛpavogur,8521927,sveinbjornj18ru.is,123454321,1212 1212 1212 1212
Sveinbjˆrn JÛhannesson ,1404983359,Dimmuhvarf 5,KÛpavogur,8521927,sveinbjornj18ru.is,123454321,1212 1212 1212 1212
Sveinbjˆrn JÛhannesson ,1404983359,Dimmuhvarf 5,KÛpavogur,8521927,sveinbjornj18ru.is,123454321,1212 1212 1212 1212
>>>>>>> dc1ba3d836426b59c06d08fc9c5d807f0a4147c2
